"Lz","data:0","data:1","data:2","ptsvec:0","ptsvec:1","ptsvec:2","Area"
0.000631269,-0.00163892,-0.00677002,0.000257831,1.11249e-07,9.80622e-07,0,0.00667471
