"Lz","data:0","data:1","data:2","ptsvec:0","ptsvec:1","ptsvec:2","Area"
-0.000552895,0.0161063,0.00893186,0.00920926,1.11249e-07,9.80622e-07,0,0.00667471
