"Lz","data:0","data:1","data:2","ptsvec:0","ptsvec:1","ptsvec:2","Area"
0.000305668,-0.00288051,0.00716834,-0.00316261,1.11249e-07,9.80622e-07,0,0.00667471
