"Lz","data:0","data:1","data:2","ptsvec:0","ptsvec:1","ptsvec:2","Area"
-4.34941e-05,0.0114813,0.0084504,-0.0124231,1.11249e-07,9.80622e-07,0,0.00667471
