"Lz","data:0","data:1","data:2","ptsvec:0","ptsvec:1","ptsvec:2","Area"
3.32651e-05,-0.00707273,0.022988,-0.0158361,1.11249e-07,9.80622e-07,0,0.00667471
