"Lz","data:0","data:1","data:2","ptsvec:0","ptsvec:1","ptsvec:2","Area"
-0.000530563,0.0085993,0.000914463,0.00423157,1.11249e-07,9.80622e-07,0,0.00667471
