"Lz","data:0","data:1","data:2","ptsvec:0","ptsvec:1","ptsvec:2","Area"
5.135e-05,-0.0114652,0.0155396,-0.00333202,1.11249e-07,9.80622e-07,0,0.00667471
