"Lz","data:0","data:1","data:2","ptsvec:0","ptsvec:1","ptsvec:2","Area"
4.84929e-05,-0.0136679,-0.00358703,0.0104047,1.11249e-07,9.80622e-07,0,0.00667471
