"Lz","data:0","data:1","data:2","ptsvec:0","ptsvec:1","ptsvec:2","Area"
-2.96635e-05,-0.0221969,0.0114877,-0.00833277,1.11249e-07,9.80622e-07,0,0.00667471
