"Lz","data:0","data:1","data:2","ptsvec:0","ptsvec:1","ptsvec:2","Area"
-0.000173227,0.00314552,0.0152842,-0.000277757,1.11249e-07,9.80622e-07,0,0.00667471
