"Lz","data:0","data:1","data:2","ptsvec:0","ptsvec:1","ptsvec:2","Area"
-0.000126931,0.00647976,-0.00562814,0.00250277,1.11249e-07,9.80622e-07,0,0.00667471
