"Lz","data:0","data:1","data:2","ptsvec:0","ptsvec:1","ptsvec:2","Area"
0.000735188,0.0132522,-0.0127402,-0.0127396,1.11249e-07,9.80622e-07,0,0.00667471
