"Lz","data:0","data:1","data:2","ptsvec:0","ptsvec:1","ptsvec:2","Area"
-4.52369e-05,-0.00536751,-0.0101815,-0.000420716,1.11249e-07,9.80622e-07,0,0.00667471
