"Lz","data:0","data:1","data:2","ptsvec:0","ptsvec:1","ptsvec:2","Area"
-1.5071e-05,0.0183608,0.00140446,0.00278839,1.11249e-07,9.80622e-07,0,0.00667471
