"Lz","data:0","data:1","data:2","ptsvec:0","ptsvec:1","ptsvec:2","Area"
0.000155223,-0.00726528,-0.00319715,0.00316402,1.11249e-07,9.80622e-07,0,0.00667471
