"Lz","data:0","data:1","data:2","ptsvec:0","ptsvec:1","ptsvec:2","Area"
-0.000242358,-0.0108158,0.00128096,0.00167023,1.11249e-07,9.80622e-07,0,0.00667471
