"Lz","data:0","data:1","data:2","ptsvec:0","ptsvec:1","ptsvec:2","Area"
-0.000150372,-0.00496166,0.000445144,0.00273078,1.11249e-07,9.80622e-07,0,0.00667471
