"Lz","data:0","data:1","data:2","ptsvec:0","ptsvec:1","ptsvec:2","Area"
-5.47573e-05,-0.0178769,0.0116689,-0.00106796,1.11249e-07,9.80622e-07,0,0.00667471
