"Lz","data:0","data:1","data:2","ptsvec:0","ptsvec:1","ptsvec:2","Area"
6.46297e-05,-0.00886779,-0.000508474,0.00335024,1.11249e-07,9.80622e-07,0,0.00667471
