"Lz","data:0","data:1","data:2","ptsvec:0","ptsvec:1","ptsvec:2","Area"
0.000443901,-0.00610103,0.00684105,0.0164713,1.11249e-07,9.80622e-07,0,0.00667471
