"Lz","data:0","data:1","data:2","ptsvec:0","ptsvec:1","ptsvec:2","Area"
6.31725e-05,-0.00392004,-0.00293728,0.00123003,1.11249e-07,9.80622e-07,0,0.00667471
