"Lz","data:0","data:1","data:2","ptsvec:0","ptsvec:1","ptsvec:2","Area"
-0.000242372,0.0056889,0.0164127,-0.0122489,1.11249e-07,9.80622e-07,0,0.00667471
