"Lz","data:0","data:1","data:2","ptsvec:0","ptsvec:1","ptsvec:2","Area"
7.49143e-05,-0.00560878,0.00565769,-0.00571753,1.11249e-07,9.80622e-07,0,0.00667471
