"Lz","data:0","data:1","data:2","ptsvec:0","ptsvec:1","ptsvec:2","Area"
-0.000161467,0.00657031,-0.000289926,-0.00511034,1.11249e-07,9.80622e-07,0,0.00667471
