"Lz","data:0","data:1","data:2","ptsvec:0","ptsvec:1","ptsvec:2","Area"
1.32201e-05,-0.0017312,0.00309762,0.000934307,1.11249e-07,9.80622e-07,0,0.00667471
