"Lz","data:0","data:1","data:2","ptsvec:0","ptsvec:1","ptsvec:2","Area"
2.0637e-05,-0.0104703,0.0046282,-0.000164637,1.11249e-07,9.80622e-07,0,0.00667471
