"Lz","data:0","data:1","data:2","ptsvec:0","ptsvec:1","ptsvec:2","Area"
0.000151945,-0.00480853,-0.0108432,0.00241951,1.11249e-07,9.80622e-07,0,0.00667471
