"Lz","data:0","data:1","data:2","ptsvec:0","ptsvec:1","ptsvec:2","Area"
-6.3189e-05,-0.0106761,-0.00131586,0.00548214,1.11249e-07,9.80622e-07,0,0.00667471
