"Lz","data:0","data:1","data:2","ptsvec:0","ptsvec:1","ptsvec:2","Area"
-4.05838e-05,0.00532612,0.00495317,-0.00633112,1.11249e-07,9.80622e-07,0,0.00667471
