"Lz","data:0","data:1","data:2","ptsvec:0","ptsvec:1","ptsvec:2","Area"
0.000252203,0.00605192,-0.00380669,-0.00179554,1.11249e-07,9.80622e-07,0,0.00667471
