"Lz","data:0","data:1","data:2","ptsvec:0","ptsvec:1","ptsvec:2","Area"
-0.000663891,0.00244693,0.031336,0.00407634,1.11249e-07,9.80622e-07,0,0.00667471
