"Lz","data:0","data:1","data:2","ptsvec:0","ptsvec:1","ptsvec:2","Area"
2.14252e-05,-0.000279325,-0.00143581,-0.00439402,1.11249e-07,9.80622e-07,0,0.00667471
