"Lz","data:0","data:1","data:2","ptsvec:0","ptsvec:1","ptsvec:2","Area"
-1.37958e-05,-0.00173036,0.00361521,-0.00386073,1.11249e-07,9.80622e-07,0,0.00667471
