"Lz","data:0","data:1","data:2","ptsvec:0","ptsvec:1","ptsvec:2","Area"
0.000347478,0.00789176,-0.00774389,0.00217622,1.11249e-07,9.80622e-07,0,0.00667471
