"Lz","data:0","data:1","data:2","ptsvec:0","ptsvec:1","ptsvec:2","Area"
-7.62869e-05,-0.00137484,-0.000125503,-0.00117896,1.11249e-07,9.80622e-07,0,0.00667471
