"Lz","data:0","data:1","data:2","ptsvec:0","ptsvec:1","ptsvec:2","Area"
0.000512532,-0.00288857,0.0314181,0.00655716,1.11249e-07,9.80622e-07,0,0.00667471
