"Lz","data:0","data:1","data:2","ptsvec:0","ptsvec:1","ptsvec:2","Area"
0.00109627,0.00120934,0.00978836,-0.00993958,1.11249e-07,9.80622e-07,0,0.00667471
