"Lz","data:0","data:1","data:2","ptsvec:0","ptsvec:1","ptsvec:2","Area"
-0.000339491,-0.0263227,-0.00766104,-0.00832011,1.11249e-07,9.80622e-07,0,0.00667471
