"Lz","data:0","data:1","data:2","ptsvec:0","ptsvec:1","ptsvec:2","Area"
-0.000141168,-0.0168046,-0.0144806,-0.00284621,1.11249e-07,9.80622e-07,0,0.00667471
