"Lz","data:0","data:1","data:2","ptsvec:0","ptsvec:1","ptsvec:2","Area"
-0.000473618,-0.0124829,-0.00113489,0.0073787,1.11249e-07,9.80622e-07,0,0.00667471
