"Lz","data:0","data:1","data:2","ptsvec:0","ptsvec:1","ptsvec:2","Area"
0.00204316,0.00292597,-0.00360595,0.0347864,1.11249e-07,9.80622e-07,0,0.00667471
