"Lz","data:0","data:1","data:2","ptsvec:0","ptsvec:1","ptsvec:2","Area"
9.42881e-05,-0.00446073,0.0246335,-0.00058323,1.11249e-07,9.80622e-07,0,0.00667471
