"Lz","data:0","data:1","data:2","ptsvec:0","ptsvec:1","ptsvec:2","Area"
1.22402e-05,-0.00309343,-0.0121527,-0.000887049,1.11249e-07,9.80622e-07,0,0.00667471
