"Lz","data:0","data:1","data:2","ptsvec:0","ptsvec:1","ptsvec:2","Area"
0.000170105,0.00667102,-0.00922576,-0.0172402,1.11249e-07,9.80622e-07,0,0.00667471
