"Lz","data:0","data:1","data:2","ptsvec:0","ptsvec:1","ptsvec:2","Area"
-0.000169529,-0.00259866,-0.00947752,0.0106359,1.11249e-07,9.80622e-07,0,0.00667471
