"Lz","data:0","data:1","data:2","ptsvec:0","ptsvec:1","ptsvec:2","Area"
5.70889e-05,-0.00758463,0.000637725,0.00472171,1.11249e-07,9.80622e-07,0,0.00667471
