"Lz","data:0","data:1","data:2","ptsvec:0","ptsvec:1","ptsvec:2","Area"
0.000136006,-0.0178047,-0.0222462,-0.000633097,1.11249e-07,9.80622e-07,0,0.00667471
