"Lz","data:0","data:1","data:2","ptsvec:0","ptsvec:1","ptsvec:2","Area"
0.000394631,0.0343488,-0.0117741,0.000509911,1.11249e-07,9.80622e-07,0,0.00667471
