"Lz","data:0","data:1","data:2","ptsvec:0","ptsvec:1","ptsvec:2","Area"
-0.000197953,0.0230728,-0.0171787,-0.000627072,1.11249e-07,9.80622e-07,0,0.00667471
