"Lz","data:0","data:1","data:2","ptsvec:0","ptsvec:1","ptsvec:2","Area"
8.49905e-05,-0.00981347,0.00512422,-0.00306569,1.11249e-07,9.80622e-07,0,0.00667471
