"Lz","data:0","data:1","data:2","ptsvec:0","ptsvec:1","ptsvec:2","Area"
-5.01242e-05,0.00567122,0.000619133,-0.00442313,1.11249e-07,9.80622e-07,0,0.00667471
