"Lz","data:0","data:1","data:2","ptsvec:0","ptsvec:1","ptsvec:2","Area"
-0.000191204,0.00856681,-0.00173726,0.00652968,1.11249e-07,9.80622e-07,0,0.00667471
