"Lz","data:0","data:1","data:2","ptsvec:0","ptsvec:1","ptsvec:2","Area"
-6.34262e-05,0.0058889,-0.00506359,-0.000687176,1.11249e-07,9.80622e-07,0,0.00667471
