"Lz","data:0","data:1","data:2","ptsvec:0","ptsvec:1","ptsvec:2","Area"
-0.000290703,-0.00348788,-0.00629285,0.0125448,1.11249e-07,9.80622e-07,0,0.00667471
