"Lz","data:0","data:1","data:2","ptsvec:0","ptsvec:1","ptsvec:2","Area"
1.43197e-05,-0.0226595,-0.00569677,-0.000625116,1.11249e-07,9.80622e-07,0,0.00667471
