"Lz","data:0","data:1","data:2","ptsvec:0","ptsvec:1","ptsvec:2","Area"
-8.78529e-05,0.00533151,0.00323522,0.00657235,1.11249e-07,9.80622e-07,0,0.00667471
