"Lz","data:0","data:1","data:2","ptsvec:0","ptsvec:1","ptsvec:2","Area"
-0.000435719,0.00857588,0.0169146,0.0183915,1.11249e-07,9.80622e-07,0,0.00667471
