"Lz","data:0","data:1","data:2","ptsvec:0","ptsvec:1","ptsvec:2","Area"
-9.50666e-06,-0.00501148,-0.00304672,0.00748922,1.11249e-07,9.80622e-07,0,0.00667471
