"Lz","data:0","data:1","data:2","ptsvec:0","ptsvec:1","ptsvec:2","Area"
0.000310094,0.008572,0.00995693,-0.0186656,1.11249e-07,9.80622e-07,0,0.00667471
