"Lz","data:0","data:1","data:2","ptsvec:0","ptsvec:1","ptsvec:2","Area"
-3.87356e-05,-0.00345557,0.00466866,0.003012,1.11249e-07,9.80622e-07,0,0.00667471
