"Lz","data:0","data:1","data:2","ptsvec:0","ptsvec:1","ptsvec:2","Area"
-0.000140099,-0.0063704,-0.00425635,0.00328369,1.11249e-07,9.80622e-07,0,0.00667471
