"Lz","data:0","data:1","data:2","ptsvec:0","ptsvec:1","ptsvec:2","Area"
-0.000206883,0.00973383,0.00635045,0.00544455,1.11249e-07,9.80622e-07,0,0.00667471
