"Lz","data:0","data:1","data:2","ptsvec:0","ptsvec:1","ptsvec:2","Area"
-4.57487e-05,0.00908896,-0.00172462,0.00863245,1.11249e-07,9.80622e-07,0,0.00667471
