"Lz","data:0","data:1","data:2","ptsvec:0","ptsvec:1","ptsvec:2","Area"
-0.000198106,-0.00541431,0.00445171,-0.00198768,1.11249e-07,9.80622e-07,0,0.00667471
