"Lz","data:0","data:1","data:2","ptsvec:0","ptsvec:1","ptsvec:2","Area"
-0.00024873,0.00485122,-0.0112035,0.0142452,1.11249e-07,9.80622e-07,0,0.00667471
