"Lz","data:0","data:1","data:2","ptsvec:0","ptsvec:1","ptsvec:2","Area"
3.23627e-05,-0.0205079,-0.00418764,-0.0151547,1.11249e-07,9.80622e-07,0,0.00667471
