"Lz","data:0","data:1","data:2","ptsvec:0","ptsvec:1","ptsvec:2","Area"
-5.99268e-05,0.000448979,0.0142389,0.00543271,1.11249e-07,9.80622e-07,0,0.00667471
