"Lz","data:0","data:1","data:2","ptsvec:0","ptsvec:1","ptsvec:2","Area"
1.82506e-05,-0.000883316,-0.0106037,-0.0179255,1.11249e-07,9.80622e-07,0,0.00667471
