"Lz","data:0","data:1","data:2","ptsvec:0","ptsvec:1","ptsvec:2","Area"
-0.00811839,0.00749476,-0.00161052,-0.0801302,2.7943e-06,2.78275e-06,0,0.0121171
