"Lz","data:0","data:1","data:2","ptsvec:0","ptsvec:1","ptsvec:2","Area"
-0.00242237,-0.0107829,0.0286529,0.00806638,2.7943e-06,2.78275e-06,0,0.0121171
