"Lz","data:0","data:1","data:2","ptsvec:0","ptsvec:1","ptsvec:2","Area"
-0.00305874,-0.0216513,0.00197508,0.0101146,2.7943e-06,2.78275e-06,0,0.0121171
