"Lz","data:0","data:1","data:2","ptsvec:0","ptsvec:1","ptsvec:2","Area"
-0.00587679,0.0321005,0.00911103,-0.0150029,2.7943e-06,2.78275e-06,0,0.0121171
