"Lz","data:0","data:1","data:2","ptsvec:0","ptsvec:1","ptsvec:2","Area"
-0.0012409,0.00731492,-0.0180601,0.0024385,2.7943e-06,2.78275e-06,0,0.0121171
