"Lz","data:0","data:1","data:2","ptsvec:0","ptsvec:1","ptsvec:2","Area"
-0.00123671,-0.00999263,0.0205495,-0.00438722,2.7943e-06,2.78275e-06,0,0.0121171
