"Lz","data:0","data:1","data:2","ptsvec:0","ptsvec:1","ptsvec:2","Area"
-0.00203221,-0.0194138,-0.00409154,-0.00523788,2.7943e-06,2.78275e-06,0,0.0121171
