"Lz","data:0","data:1","data:2","ptsvec:0","ptsvec:1","ptsvec:2","Area"
-0.000152245,-0.00231795,-0.00343105,0.000317436,2.7943e-06,2.78275e-06,0,0.0121171
