"Lz","data:0","data:1","data:2","ptsvec:0","ptsvec:1","ptsvec:2","Area"
-0.00246014,0.00288186,-0.00525606,-0.000655503,2.7943e-06,2.78275e-06,0,0.0121171
