"Lz","data:0","data:1","data:2","ptsvec:0","ptsvec:1","ptsvec:2","Area"
0.000228351,-0.0160375,0.0166232,0.00483686,2.7943e-06,2.78275e-06,0,0.0121171
