"Lz","data:0","data:1","data:2","ptsvec:0","ptsvec:1","ptsvec:2","Area"
0.00216522,-0.0121167,-0.00727327,-0.00113612,2.7943e-06,2.78275e-06,0,0.0121171
