"Lz","data:0","data:1","data:2","ptsvec:0","ptsvec:1","ptsvec:2","Area"
-0.00291776,0.0043589,0.0134609,0.00311524,2.7943e-06,2.78275e-06,0,0.0121171
