"Lz","data:0","data:1","data:2","ptsvec:0","ptsvec:1","ptsvec:2","Area"
-0.00130112,0.0139485,0.00694397,0.00516783,2.7943e-06,2.78275e-06,0,0.0121171
