"Lz","data:0","data:1","data:2","ptsvec:0","ptsvec:1","ptsvec:2","Area"
-0.000152746,-0.00594303,0.0153583,0.00430597,2.7943e-06,2.78275e-06,0,0.0121171
