"Lz","data:0","data:1","data:2","ptsvec:0","ptsvec:1","ptsvec:2","Area"
0.000217253,5.00126e-05,-0.00162535,-0.00573473,2.7943e-06,2.78275e-06,0,0.0121171
