"Lz","data:0","data:1","data:2","ptsvec:0","ptsvec:1","ptsvec:2","Area"
-0.000805577,0.00527936,0.00652577,0.00942928,2.7943e-06,2.78275e-06,0,0.0121171
