"Lz","data:0","data:1","data:2","ptsvec:0","ptsvec:1","ptsvec:2","Area"
0.00170167,-0.00164981,-0.0127979,0.00221104,2.7943e-06,2.78275e-06,0,0.0121171
