"Lz","data:0","data:1","data:2","ptsvec:0","ptsvec:1","ptsvec:2","Area"
0.0009552,0.00537866,-0.0102613,-0.00455136,2.7943e-06,2.78275e-06,0,0.0121171
