"Lz","data:0","data:1","data:2","ptsvec:0","ptsvec:1","ptsvec:2","Area"
-0.00314003,-0.026728,-0.00531625,-0.0106325,2.7943e-06,2.78275e-06,0,0.0121171
