"Lz","data:0","data:1","data:2","ptsvec:0","ptsvec:1","ptsvec:2","Area"
-0.000644665,0.00628191,-0.000355184,-0.00498335,2.7943e-06,2.78275e-06,0,0.0121171
