"Lz","data:0","data:1","data:2","ptsvec:0","ptsvec:1","ptsvec:2","Area"
-0.00192985,-0.00886831,-0.0096398,-0.00674699,2.7943e-06,2.78275e-06,0,0.0121171
