"Lz","data:0","data:1","data:2","ptsvec:0","ptsvec:1","ptsvec:2","Area"
-0.00214306,-0.00258816,0.00649401,0.00879653,2.7943e-06,2.78275e-06,0,0.0121171
