"Lz","data:0","data:1","data:2","ptsvec:0","ptsvec:1","ptsvec:2","Area"
0.000455234,-0.00811845,0.0118461,-0.00406443,2.7943e-06,2.78275e-06,0,0.0121171
