"Lz","data:0","data:1","data:2","ptsvec:0","ptsvec:1","ptsvec:2","Area"
0.00270887,0.015787,-0.0091931,0.00251469,2.7943e-06,2.78275e-06,0,0.0121171
