"Lz","data:0","data:1","data:2","ptsvec:0","ptsvec:1","ptsvec:2","Area"
-0.00276958,-0.0110305,-0.00466849,-0.000662499,2.7943e-06,2.78275e-06,0,0.0121171
