"Lz","data:0","data:1","data:2","ptsvec:0","ptsvec:1","ptsvec:2","Area"
0.000388862,-0.00138823,-0.0107627,-0.000219194,2.7943e-06,2.78275e-06,0,0.0121171
