"Lz","data:0","data:1","data:2","ptsvec:0","ptsvec:1","ptsvec:2","Area"
-0.00109415,0.00479899,0.0129367,0.00838042,2.7943e-06,2.78275e-06,0,0.0121171
