"Lz","data:0","data:1","data:2","ptsvec:0","ptsvec:1","ptsvec:2","Area"
0.00247996,0.0166571,0.0051284,-0.00325348,2.7943e-06,2.78275e-06,0,0.0121171
