"Lz","data:0","data:1","data:2","ptsvec:0","ptsvec:1","ptsvec:2","Area"
-0.000769905,-0.000966112,0.00304632,0.00267747,2.7943e-06,2.78275e-06,0,0.0121171
