"Lz","data:0","data:1","data:2","ptsvec:0","ptsvec:1","ptsvec:2","Area"
0.000464989,0.00606807,0.0029185,-0.000637247,2.7943e-06,2.78275e-06,0,0.0121171
