"Lz","data:0","data:1","data:2","ptsvec:0","ptsvec:1","ptsvec:2","Area"
-0.00035983,0.00339075,0.00317081,-0.00692502,2.7943e-06,2.78275e-06,0,0.0121171
