"Lz","data:0","data:1","data:2","ptsvec:0","ptsvec:1","ptsvec:2","Area"
-0.00151737,-0.0104443,0.000274637,-0.000515615,2.7943e-06,2.78275e-06,0,0.0121171
