"Lz","data:0","data:1","data:2","ptsvec:0","ptsvec:1","ptsvec:2","Area"
0.00015334,0.0130252,0.000313033,-0.00436094,2.7943e-06,2.78275e-06,0,0.0121171
