"Lz","data:0","data:1","data:2","ptsvec:0","ptsvec:1","ptsvec:2","Area"
-0.0011308,0.0166284,0.00441929,-0.0038881,2.7943e-06,2.78275e-06,0,0.0121171
