"Lz","data:0","data:1","data:2","ptsvec:0","ptsvec:1","ptsvec:2","Area"
-0.00670481,0.000649311,-0.0137709,0.00282796,2.7943e-06,2.78275e-06,0,0.0121171
