"Lz","data:0","data:1","data:2","ptsvec:0","ptsvec:1","ptsvec:2","Area"
-0.00251557,0.00675117,0.00821196,-0.00456405,2.7943e-06,2.78275e-06,0,0.0121171
