"Lz","data:0","data:1","data:2","ptsvec:0","ptsvec:1","ptsvec:2","Area"
0.000187983,-0.00967612,-0.00897081,-0.0610689,1.11249e-07,9.80622e-07,0,0.00667471
