"Lz","data:0","data:1","data:2","ptsvec:0","ptsvec:1","ptsvec:2","Area"
0.000166364,0.0316356,-0.0108264,-0.000571037,1.11249e-07,9.80622e-07,0,0.00667471
