"Lz","data:0","data:1","data:2","ptsvec:0","ptsvec:1","ptsvec:2","Area"
0.000589611,0.00322795,0.00168338,-0.00145277,1.11249e-07,9.80622e-07,0,0.00667471
