"Lz","data:0","data:1","data:2","ptsvec:0","ptsvec:1","ptsvec:2","Area"
0.000499169,-0.0190633,0.00258851,0.00171694,1.11249e-07,9.80622e-07,0,0.00667471
