"Lz","data:0","data:1","data:2","ptsvec:0","ptsvec:1","ptsvec:2","Area"
-0.00015765,-0.00454798,0.0124924,-0.00991626,1.11249e-07,9.80622e-07,0,0.00667471
