"Lz","data:0","data:1","data:2","ptsvec:0","ptsvec:1","ptsvec:2","Area"
1.41884e-05,0.0104109,0.0062893,-0.00202795,1.11249e-07,9.80622e-07,0,0.00667471
