"Lz","data:0","data:1","data:2","ptsvec:0","ptsvec:1","ptsvec:2","Area"
-0.000429161,0.00492871,0.0176535,-0.00934923,1.11249e-07,9.80622e-07,0,0.00667471
