"Lz","data:0","data:1","data:2","ptsvec:0","ptsvec:1","ptsvec:2","Area"
1.7255e-05,-0.00209045,0.0135143,0.00940041,1.11249e-07,9.80622e-07,0,0.00667471
