"Lz","data:0","data:1","data:2","ptsvec:0","ptsvec:1","ptsvec:2","Area"
-0.000198144,0.000122664,0.00963959,-0.00105297,1.11249e-07,9.80622e-07,0,0.00667471
