"Lz","data:0","data:1","data:2","ptsvec:0","ptsvec:1","ptsvec:2","Area"
0.00128617,0.0232962,-0.00443591,0.0053112,1.11249e-07,9.80622e-07,0,0.00667471
