"Lz","data:0","data:1","data:2","ptsvec:0","ptsvec:1","ptsvec:2","Area"
0.000265808,0.00406655,-0.00281152,0.00760431,1.11249e-07,9.80622e-07,0,0.00667471
