"Lz","data:0","data:1","data:2","ptsvec:0","ptsvec:1","ptsvec:2","Area"
-0.00063763,0.00303677,-0.0111337,0.0027503,1.11249e-07,9.80622e-07,0,0.00667471
