"Lz","data:0","data:1","data:2","ptsvec:0","ptsvec:1","ptsvec:2","Area"
7.03347e-05,0.000979846,0.000208442,0.00203507,1.11249e-07,9.80622e-07,0,0.00667471
