"Lz","data:0","data:1","data:2","ptsvec:0","ptsvec:1","ptsvec:2","Area"
-0.00036146,0.00278216,0.00324563,-0.000862988,1.11249e-07,9.80622e-07,0,0.00667471
