"Lz","data:0","data:1","data:2","ptsvec:0","ptsvec:1","ptsvec:2","Area"
0.000215332,-0.0020188,0.0118092,-0.00016114,1.11249e-07,9.80622e-07,0,0.00667471
