"Lz","data:0","data:1","data:2","ptsvec:0","ptsvec:1","ptsvec:2","Area"
-3.41822e-05,-0.00547091,0.0052999,0.00421429,1.11249e-07,9.80622e-07,0,0.00667471
