"Lz","data:0","data:1","data:2","ptsvec:0","ptsvec:1","ptsvec:2","Area"
0.000371895,0.00130744,-0.00466557,-0.00120076,1.11249e-07,9.80622e-07,0,0.00667471
