"Lz","data:0","data:1","data:2","ptsvec:0","ptsvec:1","ptsvec:2","Area"
-0.000135989,-0.00109422,0.0100719,0.00174464,1.11249e-07,9.80622e-07,0,0.00667471
