"Lz","data:0","data:1","data:2","ptsvec:0","ptsvec:1","ptsvec:2","Area"
4.90016e-05,0.0105381,0.00977863,0.00529053,1.11249e-07,9.80622e-07,0,0.00667471
