"Lz","data:0","data:1","data:2","ptsvec:0","ptsvec:1","ptsvec:2","Area"
0.000109774,-0.00143438,-0.0104307,0.00228375,1.11249e-07,9.80622e-07,0,0.00667471
