"Lz","data:0","data:1","data:2","ptsvec:0","ptsvec:1","ptsvec:2","Area"
1.55302e-05,0.0001061,-0.00769613,0.00581285,1.11249e-07,9.80622e-07,0,0.00667471
