"Lz","data:0","data:1","data:2","ptsvec:0","ptsvec:1","ptsvec:2","Area"
5.37614e-05,-0.00615263,0.00306978,0.00341727,1.11249e-07,9.80622e-07,0,0.00667471
