"Lz","data:0","data:1","data:2","ptsvec:0","ptsvec:1","ptsvec:2","Area"
-0.000220741,-0.00686475,0.00700538,0.0172755,1.11249e-07,9.80622e-07,0,0.00667471
