"Lz","data:0","data:1","data:2","ptsvec:0","ptsvec:1","ptsvec:2","Area"
-4.96756e-05,0.00477856,0.00527746,0.000168946,1.11249e-07,9.80622e-07,0,0.00667471
