"Lz","data:0","data:1","data:2","ptsvec:0","ptsvec:1","ptsvec:2","Area"
-0.000184122,-0.000922745,0.0174224,-0.00453869,1.11249e-07,9.80622e-07,0,0.00667471
