"Lz","data:0","data:1","data:2","ptsvec:0","ptsvec:1","ptsvec:2","Area"
0.000342273,0.0051223,0.00056805,0.00747757,1.11249e-07,9.80622e-07,0,0.00667471
