"Lz","data:0","data:1","data:2","ptsvec:0","ptsvec:1","ptsvec:2","Area"
-0.000110656,-0.00418441,0.00232892,-0.00554973,1.11249e-07,9.80622e-07,0,0.00667471
