"Lz","data:0","data:1","data:2","ptsvec:0","ptsvec:1","ptsvec:2","Area"
7.50446e-05,0.00855167,0.00507057,0.00128447,1.11249e-07,9.80622e-07,0,0.00667471
