"Lz","data:0","data:1","data:2","ptsvec:0","ptsvec:1","ptsvec:2","Area"
6.08903e-06,-0.00486515,0.0142147,-0.00549404,1.11249e-07,9.80622e-07,0,0.00667471
