"Lz","data:0","data:1","data:2","ptsvec:0","ptsvec:1","ptsvec:2","Area"
-0.000121479,0.000723978,0.0107443,0.00276387,1.11249e-07,9.80622e-07,0,0.00667471
