"Lz","data:0","data:1","data:2","ptsvec:0","ptsvec:1","ptsvec:2","Area"
0.000308407,0.00239471,-0.0103962,0.00269222,1.11249e-07,9.80622e-07,0,0.00667471
