"Lz","data:0","data:1","data:2","ptsvec:0","ptsvec:1","ptsvec:2","Area"
8.44273e-05,-0.0426057,-0.0188959,0.00873573,1.11249e-07,9.80622e-07,0,0.00667471
