"Lz","data:0","data:1","data:2","ptsvec:0","ptsvec:1","ptsvec:2","Area"
1.57557e-05,0.00438782,0.0175798,0.0178133,1.11249e-07,9.80622e-07,0,0.00667471
