"Lz","data:0","data:1","data:2","ptsvec:0","ptsvec:1","ptsvec:2","Area"
-0.000106448,0.0238588,-0.0159516,-0.00596298,1.11249e-07,9.80622e-07,0,0.00667471
