"Lz","data:0","data:1","data:2","ptsvec:0","ptsvec:1","ptsvec:2","Area"
-0.000403919,0.00325291,-0.00170687,0.00762649,1.11249e-07,9.80622e-07,0,0.00667471
